YTD: 01/01/2020 - 31/12/2020,,"NEW MOPEDS/MOTORCYLES OVER 50CC BY MAKE, YEAR TO DATE",,,,,,,,,,,,,
MAKE,MODEL,SUBMOD,JAN,FEB,MAR,APR,MAY,JUN,JUL,AUG,SEP,OCT,NOV,DEC,YTD
APRILIA,CAPONORD,1200 ABS,,,,,,1,,,,,,,1
APRILIA,DORSODURO,9.00E+06,,,,,,1,,,,1,1,1,4
APRILIA,ETX,150,,,1,,1,,1,,,1,2,3,9
APRILIA,MOJITO,125,,,,,,,,,,,1,,1
APRILIA,RSV1000,R TUONO FACTORY,,,,,,1,,,,,,,1
APRILIA,RSV4,RF,1,,,,,,,,1,,,,2
APRILIA,RSV4,RR,1,,,,,,,,2,,,,3
APRILIA,RSV4 1100,RF,,1,,,1,,1,2,1,1,,,7
APRILIA,RX,125,,,1,,,,,,,,,,1
APRILIA,SHIVER,9.00E+06,,,,,,,,,1,,1,1,3
APRILIA,SR,MOTARD 125,,2,1,,1,,,,,1,,,5
APRILIA,STX,150,,1,,,,,,1,2,,,1,5
APRILIA,TUONO,V4 FACTORY,,,,,,,,,,4,1,3,8
APRILIA,TUONO,V4 FACTORY SAS,1,2,3,1,4,,,,2,,1,,14
APRILIA,TUONO,V4 RR,1,1,,,2,1,,1,,1,,2,9
BENELLI,502C,,3,,,,,,,,3,5,1,1,13
BENELLI,LEONCINO,,2,1,1,,,,2,2,1,4,,2,15
BENELLI,TNT,125,,,,,,,,,,,,1,1
BENELLI,TNT,135,,,,,,1,1,,1,1,1,,5
BENELLI,TRK,502,2,1,,,,,1,,1,,2,1,8
BENELLI,TRK,502 X,,,,,1,1,,,,1,2,,5
BETA,RR300,2T,,,,,,,,,,1,1,,2
BETA,RR390,,,,,,,,,1,,,,,1
BETA,RR390,4T,,,,,,1,,,2,,,,3
BETA,RR430,,,,,,,,,,1,,,,1
BETA,RR480,4T,,,1,,1,,,1,1,1,,,5
BETA,XTRAINER,,,,,,,,,,1,,,,1
BETA,XTRAINER,300 2T,,,,,,,,,,2,1,,3
BIMOTA,YB11,,,,,,,,2,,,2,,,4
BMW,C400,GT,,,,,,,2,,,,,,2
BMW,C400,X,,,,,,2,,,,,,,2
BMW,C650,GT,1,,,,,,,,,,,,1
BMW,F750,GS,1,1,1,,2,,,1,1,1,2,3,13
BMW,F800,R,,,,,,1,1,,,,,,2
BMW,F850,GS,2,3,1,,1,,,2,,1,2,,12
BMW,F850,GS ADVENTURE,,,,,,1,,,,,1,,2
BMW,F900,R,,,,,,,,,1,,,1,2
BMW,F900,XR,,,,,1,1,,,2,3,2,,9
BMW,G310,GS,2,2,1,,2,2,1,1,1,2,4,2,20
BMW,G310,R,4,5,2,,1,1,2,4,7,5,1,3,35
BMW,K1600,B,1,,,,,,1,,1,,,,3
BMW,K1600,GT,1,,,,,,,,,,,,1
BMW,R NINET,,2,,,1,,1,,,,,,1,5
BMW,R NINET,PURE,1,,1,,3,,1,1,1,,1,1,10
BMW,R NINET,RACER,,2,,,,,,,,,,,2
BMW,R NINET,SCRAMBLER,1,,,,,1,,,,,,,2
BMW,R NINET,URBAN GS,,,1,,,,1,1,1,,,,4
BMW,R1200,GS ADVENTURE,,,1,,,,1,,,,,1,3
BMW,R1200,GSA,1,,,,,,,,,,,,1
BMW,R1200,R,,,1,,,,,,,,,,1
BMW,R1200,RS,,,2,,,,,,,,,,2
BMW,R1200,RT,,,1,,,,,,,,,,1
BMW,R1250,GS,12,4,4,,2,1,4,3,1,6,6,1,44
BMW,R1250,GS ADVENTURE,1,4,,,1,3,2,1,2,2,3,1,20
BMW,R1250,R,2,2,,,,2,1,,1,2,,,10
BMW,R1250,RS,1,,2,1,1,1,1,,2,1,2,1,13
BMW,R1250,RT,,1,1,,,1,1,1,1,2,,,8
BMW,R18,K34,,,,,,,,,,,2,1,3
BMW,S1000,R,1,,,1,,,,,1,,2,1,6
BMW,S1000,RR,1,1,1,,1,1,1,1,4,2,2,,15
BMW,S1000,XR,,1,,,,,2,,2,2,1,,8
CFMOTO,250NK,,,1,,,,,1,,,,,1,3
CFMOTO,650,MT,,1,,,,,,,,,,,1
CFMOTO,650,NK,1,,,,,,,,,,,,1
CFMOTO,650,NK ABS,,,,,1,,,,,,,,1
CFMOTO,650,NK CF650-7,,1,,,,,,,,,,,1
CFMOTO,650,NZK ABS,,1,,,,,,,,,,,1
CFMOTO,650NK,,,,,,,,,,,,1,1,2
DUCATI,DIAVEL,DIAVEL 1260,2,2,,,,,2,,4,1,1,1,13
DUCATI,DIAVEL,DIAVEL 1260 S,,2,,,,,,1,2,1,2,,8
DUCATI,HYPERMOTARD,939,1,,1,,,,,,,,,,2
DUCATI,HYPERMOTARD,HYPERMOTARD 950,,,,,,1,1,,,,,1,3
DUCATI,HYPERMOTARD,HYPERMOTARD 950 SP,1,,,,,,,,1,1,2,,5
DUCATI,MONSTER,1200,,,,,1,,,,,,,,1
DUCATI,MONSTER,1200 R,,,,,,1,,,,,,,1
DUCATI,MONSTER,1200 S,,,,,,,,,1,,,,1
DUCATI,MONSTER,797,,,,,,,,,1,,,,1
DUCATI,MONSTER,821,,,1,,1,,,1,1,2,1,,7
DUCATI,MONSTER,M 659,3,,4,,2,3,6,6,3,2,3,3,35
DUCATI,MULTISTRADA,1260 S GRAND TOUR,,,,,,,,,,,1,,1
DUCATI,MULTISTRADA,MTS 1200 S,,,,,,,,1,,,,,1
DUCATI,MULTISTRADA,MTS 1260,,,,,,,,,2,1,1,1,5
DUCATI,MULTISTRADA,MTS 1260 ENDURO,,,,,,,,,,,,1,1
DUCATI,MULTISTRADA,MTS 1260 PIKES PEAK,1,,,,,1,,,2,,,,4
DUCATI,MULTISTRADA,MTS 1260 S,2,1,,,1,,1,,,1,,1,7
DUCATI,MULTISTRADA,MTS 950,3,3,2,,,,4,,,,,,12
DUCATI,MULTISTRADA,MTS 950S,1,,,,,1,,,1,,2,1,6
DUCATI,SCRAMBLER,1100,1,3,,,,1,3,,,,1,1,10
DUCATI,SCRAMBLER,1100 SPORT PRO,,,,,,,,,,,1,,1
DUCATI,SCRAMBLER,400,,1,1,,,,,,,,,,2
DUCATI,SCRAMBLER,800,,1,1,,,,,,,1,,,3
DUCATI,SCRAMBLER,DESERT SLED,,,,,,,,2,,1,,,3
DUCATI,SCRAMBLER,FULL THROTTLE,,,,,,,1,,,,,,1
DUCATI,SCRAMBLER,SCRAMBLER DS,1,,,,,1,,,,,,,2
DUCATI,SCRAMBLER,SCRAMBLER ICON,,,1,,,1,,1,,,,,3
DUCATI,STREETFIGHTER,V4,,,,,,,,,3,2,1,1,7
DUCATI,STREETFIGHTER,V4S,,,,,,,,,1,,6,1,8
DUCATI,SUPERBIKE,959 PANIGALE,,,,,,1,,1,,,,,2
DUCATI,SUPERBIKE,PANIGALE V2,,,,,1,,,2,2,1,4,1,11
DUCATI,SUPERBIKE,PANIGALE V4,,1,1,,,1,,,,3,,,6
DUCATI,SUPERBIKE,PANIGALE V4 S,,,,,1,,1,,2,1,2,,7
DUCATI,SUPERBIKE,PANV425A916,1,1,,,,,,,,,,,2
DUCATI,SUPERSPORT,,1,,,,1,1,,,1,,,,4
DUCATI,SUPERSPORT S,,,,1,,,,,,3,1,2,,7
DUCATI,XDIAVEL,,1,,1,,,1,,,,,,,3
FACTORY BUILT,CFMOTO,CF650NK,,,,,,,1,,,,,,1
FACTORY BUILT,DRACONIC,MANTIS 250SS,,,,,,1,,,,,,,1
FACTORY BUILT,FOSTI,FT125-10F,1,,,,,,,,,,,,1
FACTORY BUILT,JIAJUE,HIMALAYA 250 S,2,,,,,,,,,,,,2
FACTORY BUILT,JIAJUE,QUATUM 250 R,1,,,,,,,,,,,,1
FACTORY BUILT,PANTHER,TERMINATOR,,,,,,,,,,,1,,1
FACTORY BUILT,YIBEN,YB150T,,,1,,,,,,,,,,1
GAS GAS,EC300,,,,,,,,,,1,,,,1
HAOJUE,DA135,S,2,,,,1,,,,,,,,3
HAOJUE,HJ125,10E,,,3,,,,,,,,,,3
HARLEY DAVIDSON,CVO,19 STREET GLIDE,,,,,1,1,,,1,,,,3
HARLEY DAVIDSON,CVO,19 ULTRA LIMITED,,,,,,,1,,,,,,1
HARLEY DAVIDSON,CVO,20 CVO ROAD GLIDE,,,,,1,,,1,,1,,,3
HARLEY DAVIDSON,CVO,20 CVO STREET GLIDE,2,1,1,,1,1,1,,2,1,1,,11
HARLEY DAVIDSON,CVO,20 CVO TRI GLIDE,1,1,,,,,,,,,,,2
HARLEY DAVIDSON,CVO,20 CVO ULTRA LIMITED,3,,1,1,,,,1,,,,3,9
HARLEY DAVIDSON,SOFTAIL,18 DELUXE,,,1,,,,,,,,,,1
HARLEY DAVIDSON,SOFTAIL,18 FAT BOY S,1,,,,,,1,,,,,,2
HARLEY DAVIDSON,SOFTAIL,18 HERITAGE CL S,1,,,,,,,,,,,,1
HARLEY DAVIDSON,SOFTAIL,19 BREAKOUT S,,2,,,1,2,,,1,,,,6
HARLEY DAVIDSON,SOFTAIL,19 DELUXE,1,,,,,,,2,,,1,,4
HARLEY DAVIDSON,SOFTAIL,19 FAT BOB,,,,,,,,,,1,,,1
HARLEY DAVIDSON,SOFTAIL,19 FAT BOB S,1,,,,1,1,,1,,,,,4
HARLEY DAVIDSON,SOFTAIL,19 FAT BOY,1,,,,,1,,,,,,,2
HARLEY DAVIDSON,SOFTAIL,19 FAT BOY S,2,,,,1,,,,,,1,,4
HARLEY DAVIDSON,SOFTAIL,19 FXDR 114,,1,1,1,1,,1,1,1,,,,7
HARLEY DAVIDSON,SOFTAIL,19 HERITAGE CL S,1,1,,,1,3,,1,,,1,,8
HARLEY DAVIDSON,SOFTAIL,19 LOW RIDER,3,1,1,,,2,1,,,,,,8
HARLEY DAVIDSON,SOFTAIL,19 SLIM,,,3,,,2,2,1,,1,1,,10
HARLEY DAVIDSON,SOFTAIL,19 SPORT GLIDE,1,,,,,,,,,,,,1
HARLEY DAVIDSON,SOFTAIL,19 STREET BOB,2,,1,,,,,,,,,,3
HARLEY DAVIDSON,SOFTAIL,20 BREAKOUT 114,11,2,,,4,6,3,3,2,2,7,3,43
HARLEY DAVIDSON,SOFTAIL,20 DELUXE,,,1,,1,1,,,,,,,3
HARLEY DAVIDSON,SOFTAIL,20 FAT BOB 114,4,2,1,,2,2,2,2,3,,4,1,23
HARLEY DAVIDSON,SOFTAIL,20 FAT BOY 114,1,1,,,,1,1,3,1,3,2,2,15
HARLEY DAVIDSON,SOFTAIL,20 FAT BOY 114 ANV V,,,3,1,4,1,,,1,,3,,13
HARLEY DAVIDSON,SOFTAIL,20 FXDR 114,,3,,,3,1,3,,1,1,1,1,14
HARLEY DAVIDSON,SOFTAIL,20 HERITAGE CL 114,1,1,,,1,,,,1,1,1,1,7
HARLEY DAVIDSON,SOFTAIL,20 LOW RIDER,,,,,2,2,1,,1,2,,1,9
HARLEY DAVIDSON,SOFTAIL,20 LOW RIDER S,17,13,7,2,6,4,4,10,7,9,7,3,89
HARLEY DAVIDSON,SOFTAIL,20 SLIM,,,1,,,,,,1,,1,,3
HARLEY DAVIDSON,SOFTAIL,20 SOFTAIL STANDARD,,,,,2,3,1,4,3,6,4,4,27
HARLEY DAVIDSON,SOFTAIL,20 SPORT GLIDE,9,10,7,,5,10,7,11,9,2,8,11,89
HARLEY DAVIDSON,SOFTAIL,20 STREET BOB,4,2,3,,3,4,4,1,2,3,1,1,28
HARLEY DAVIDSON,SPORTSTER,18 FORTY-EIGHT,,1,,,,,,,,,,,1
HARLEY DAVIDSON,SPORTSTER,19 1200 CUSTOM,,,,,,1,,,,2,,,3
HARLEY DAVIDSON,SPORTSTER,19 FORTY-EIGHT,,,1,,,,,,1,,1,,3
HARLEY DAVIDSON,SPORTSTER,19 FORTY-EIGHT SP,,,1,,,1,,,,,,,2
HARLEY DAVIDSON,SPORTSTER,19 IRON 883,2,1,2,,,1,2,,1,1,,1,11
HARLEY DAVIDSON,SPORTSTER,19 SUPERLOW,1,,,,,,,,,,,,1
HARLEY DAVIDSON,SPORTSTER,20 1200 CUSTOM,2,,,,1,,,1,,,2,1,7
HARLEY DAVIDSON,SPORTSTER,20 FORTY-EIGHT,1,,,,,1,,,,1,,1,4
HARLEY DAVIDSON,SPORTSTER,20 IRON 1200,1,1,2,,,1,2,,2,,1,,10
HARLEY DAVIDSON,SPORTSTER,20 IRON 883,1,1,2,,,1,,,1,2,2,4,14
HARLEY DAVIDSON,SPORTSTER,20 SUPERLOW,,,,,1,1,,,,,,,2
HARLEY DAVIDSON,STREET,17 STREET ROD,,,1,,,,1,1,1,1,,,5
HARLEY DAVIDSON,STREET,18 STREET ROD,3,1,1,,1,,1,,2,1,,,10
HARLEY DAVIDSON,STREET,19 STREET 500,,7,2,,1,2,1,,,1,,,14
HARLEY DAVIDSON,STREET,20 STREET 500,21,17,10,,10,4,6,15,18,14,2,28,145
HARLEY DAVIDSON,TOURING,18 ROAD GLIDE S,,,,,1,,,,,,,,1
HARLEY DAVIDSON,TOURING,18 STREET GLIDE,,,1,,,,,,,,,,1
HARLEY DAVIDSON,TOURING,19 ROAD GLIDE,,,,,,1,,,,,,,1
HARLEY DAVIDSON,TOURING,19 ROAD GLIDE S,,2,,,,2,,,,1,,,5
HARLEY DAVIDSON,TOURING,19 ROAD KING,1,,,,,,,,1,,,,2
HARLEY DAVIDSON,TOURING,19 ROAD KING SPECIAL,,2,,,1,,,1,1,,,,5
HARLEY DAVIDSON,TOURING,19 STREET GLIDE,,,,,,,1,1,,,,,2
HARLEY DAVIDSON,TOURING,19 STREET GLIDE S,2,2,2,,,1,,,1,1,1,1,11
HARLEY DAVIDSON,TOURING,19 ULTRA LIMITED,,,2,,,,1,,,,,,3
HARLEY DAVIDSON,TOURING,20 ELECTRA GLIDE STD,,,,,,,,,,1,,,1
HARLEY DAVIDSON,TOURING,20 ROAD GLIDE SP,2,,3,,,3,1,3,4,2,1,,19
HARLEY DAVIDSON,TOURING,20 ROAD KING,,,,,,,,1,,,,,1
HARLEY DAVIDSON,TOURING,20 ROAD KING SPECIAL,,2,1,,1,,2,1,3,3,2,1,16
HARLEY DAVIDSON,TOURING,20 STREET GLIDE SP,3,6,1,,,4,1,1,1,,1,4,22
HARLEY DAVIDSON,TOURING,20 ULTRA LIMITED,,2,,1,1,,1,1,1,1,,1,9
HARLEY DAVIDSON,TRIKE,19 TRI GLIDE,,,,,,,,,,,1,,1
HARLEY DAVIDSON,TRIKE,20 TRI GLIDE,,,1,,,,1,,,,1,,3
HARLEY DAVIDSON,VRS,10 V-ROD MUSCLE,,,,,,1,,,,,,,1
HONDA,ADV,150,,,,,,,,,,,3,1,4
HONDA,C,110X,11,14,6,13,12,,6,6,15,11,,,94
HONDA,C,125A,3,1,,,,1,1,,,,,1,7
HONDA,CB,1000R,1,1,1,,,,,,,1,,,4
HONDA,CB,300RA,1,2,1,,1,,1,,3,2,1,2,14
HONDA,CB,500FA,2,1,,,1,,1,3,,1,,1,10
HONDA,CB,500XA,7,8,2,,1,1,2,2,8,4,10,4,49
HONDA,CB,650,3,5,,,4,1,1,1,5,5,4,5,34
HONDA,CB1000,RA,1,2,1,,1,,2,,,1,,,8
HONDA,CB1100,NA,1,,,,,,,,,,,,1
HONDA,CBR,1000S,,,,,,,,,,,1,,1
HONDA,CBR,300,1,,,,,,,,,,,,1
HONDA,CBR,500,3,2,1,1,2,,3,1,4,8,3,2,30
HONDA,CBR,500R,1,,,,,,,1,,,,,2
HONDA,CBR,600RR,,,,,,,,,1,,,,1
HONDA,CBR,650,3,3,,1,3,3,2,,11,7,5,1,39
HONDA,CBR1000,RR,,,,,,,1,,,,2,,3
HONDA,CMX,500,4,4,5,,4,6,7,8,11,12,10,17,88
HONDA,CRF,1000,1,2,,,1,2,1,,,1,1,,9
HONDA,CRF,250,3,1,2,,,1,,,3,1,2,1,14
HONDA,CRF,450,2,,1,,4,3,2,1,3,4,5,3,28
HONDA,CRF1000,A2,,,,,,,1,,,,,,1
HONDA,CRF1000,D2,,,,,,,,,,,1,,1
HONDA,CRF1100,L1 STANDARD,4,,1,,1,,,,1,,,1,8
HONDA,CRF1100,L2 ADVENTURE SPORT,5,3,1,,1,1,,,,2,1,,14
HONDA,CRF1100L4,ADVENTURE SPORT SPEC,,,,,,,1,1,,,,,2
HONDA,CRF250,,,,,,,,,,1,,,,1
HONDA,CT,125A,,,,,,,,,,,12,4,16
HONDA,DIO NSC110 SCOOTER,,,,,,,,,,,1,,,1
HONDA,GL,1800,1,1,,,,,,,,,,,2
HONDA,GLC,150SH,11,9,7,2,6,8,8,5,12,11,8,8,95
HONDA,MSX,125,3,2,,,1,5,,,,2,1,1,15
HONDA,NC,750,,1,,,,1,,1,,1,,,4
HONDA,NC,750X,1,,,,,,,,,,,,1
HONDA,NC750,,,,,,,,,,1,,,,1
HONDA,NSC,110L,2,3,2,,3,1,2,7,5,4,3,1,33
HONDA,NXR,125ES,,1,,,,,,,,,,,1
HONDA,VFR,800,,,,,,,,1,,,,,1
HONDA,VT,1300CX,1,,,,,,,,,,,,1
HONDA,WW,150,1,2,1,1,,1,,,3,2,1,1,13
HONDA,WW,150L,,,,,,1,,1,,,,,2
HONDA,XR,150L,1,,,,1,,1,3,1,,,2,9
HONDA,XR,190,2,1,2,,,1,1,4,1,2,3,1,18
HONDA,Z,125MA,3,1,3,,,4,3,6,3,2,2,2,29
HUSABERG,FE,450,,,,,,1,,,,,,,1
HUSQVARNA,250,TE,,,,,,1,,,,,,,1
HUSQVARNA,401,SVARTPILEN,2,,,,,,,1,6,5,1,1,16
HUSQVARNA,401,VITPILEN,,,1,,1,,,1,5,5,1,2,16
HUSQVARNA,701,SVARTPILEN,1,1,1,,1,1,1,1,1,,,,8
HUSQVARNA,701,VITPILEN,3,,2,1,,,,,2,2,1,1,12
HUSQVARNA,FE,250,,,,,,,,,1,,,,1
HUSQVARNA,FE,350,,,1,,,1,2,,,,2,,6
HUSQVARNA,FE,501,1,2,,,1,,1,1,1,1,,1,9
HUSQVARNA,FE,701,3,2,,,,1,,1,,,,,7
HUSQVARNA,FE,701 LR,,,,,,2,,3,1,2,2,1,11
HUSQVARNA,SM,701,,,1,,,1,,,3,2,,,7
HUSQVARNA,TE,300,,,,,2,,1,,1,1,,2,7
INDIAN,CHALLENGER,DARKHORSE,,,,,1,1,3,,,,1,2,8
INDIAN,CHALLENGER,LIMITED,4,1,2,,2,3,2,,,2,1,,17
INDIAN,CHIEF,DARK HORSE,,1,,,1,,,,,,1,,3
INDIAN,CHIEF,SPRINGFIELD,,,,,,1,,,,,,1,2
INDIAN,CHIEF,SPRINGFIELD JD,,,,,,2,,,,,,,2
INDIAN,CHIEF,VINTAGE,,,,,,1,,,,,,,1
INDIAN,CHIEFTAIN,,2,,,,,1,,1,,,,,4
INDIAN,CHIEFTAIN,DARK HORSE,1,2,,,1,2,,1,1,2,,,10
INDIAN,CHIEFTAIN,ELITE,,,,,,,,,,,2,,2
INDIAN,CHIEFTAIN,LIMITED,,,1,,1,1,,1,1,,,,5
INDIAN,FTR,1200,,,,,1,1,1,2,,1,1,2,9
INDIAN,FTR,1200 S,1,,1,,1,6,2,2,3,2,,3,21
INDIAN,FTR,1200 S RR,3,3,2,,2,3,1,2,3,5,1,2,27
INDIAN,ROADMASTER,,,2,,,1,1,,1,,2,3,1,11
INDIAN,ROADMASTER,DARK HORSE,1,,,,,1,1,1,,,,1,5
INDIAN,ROADMASTER,ELITE,,,,,,,,,,,,2,2
INDIAN,SCOUT,,5,2,2,1,3,2,2,3,5,2,5,4,36
INDIAN,SCOUT,BOBBER,1,3,1,1,3,5,4,7,2,2,1,2,32
INDIAN,SCOUT,BOBBER TWENTY,2,,,1,,1,1,,2,4,2,7,20
INDIAN,SPRINGFIELD,DARK HORSE,2,,,,,1,,1,1,,,1,6
KAWASAKI,EN,650,5,5,2,,1,6,8,7,2,2,8,3,49
KAWASAKI,ER,300A,,,,,,1,,,,,,,1
KAWASAKI,ER,400DKF,1,,2,,,3,1,2,3,4,2,,18
KAWASAKI,ER,400DLF,,,,,,3,1,1,1,,,1,7
KAWASAKI,ER,650F,,,,,2,,,,,,,,2
KAWASAKI,ER,650H LAM,1,2,2,,1,1,,2,3,3,2,,17
KAWASAKI,ER,650K LAM,,,,,,,,,2,,2,2,6
KAWASAKI,EX,400,2,1,3,1,,2,,3,2,,,,14
KAWASAKI,EX,400DKF,4,1,1,1,2,1,,,1,2,,,13
KAWASAKI,EX,400G L,1,6,3,1,,1,,2,,3,1,1,19
KAWASAKI,EX,400GLF,1,4,4,3,5,2,6,3,6,1,,1,36
KAWASAKI,EX,400GLFA,2,3,3,1,6,10,5,1,4,9,6,3,53
KAWASAKI,EX,400GMFNN,,,,,,,,,4,2,11,1,18
KAWASAKI,EX,650 LAMS,,,,,,,,2,1,2,1,2,8
KAWASAKI,EX,650F LAM,,,,,,,,,1,,,,1
KAWASAKI,EX,650K,1,,,,,,,,1,,,,2
KAWASAKI,EX,650K LAM,3,1,1,,3,4,,5,2,1,,,20
KAWASAKI,EX,650ML LAM,,,1,,2,2,3,2,1,1,4,,16
KAWASAKI,KL,650E LAMS,2,2,2,,1,2,1,5,1,3,,,19
KAWASAKI,KLE,300C,,1,,,,1,1,3,1,1,,,8
KAWASAKI,KLE,650F LAMS,,1,,,,,,1,1,,,,3
KAWASAKI,KLX,230ALF,,1,,,,,,,1,,1,,3
KAWASAKI,KLX,250S,,,,,1,,,,,,1,,2
KAWASAKI,KLX,250SKF,1,,,,1,1,,1,,,,1,5
KAWASAKI,KLZ,1000B,,1,1,,,,2,,1,1,1,,7
KAWASAKI,KLZ,1000D,,,,,,1,,,,,1,,2
KAWASAKI,KVF300,,,,,,,,,,,,1,,1
KAWASAKI,VN,900C,1,,,,,,,,1,1,,,3
KAWASAKI,ZR,1000H,,1,,,,,,,,,,,1
KAWASAKI,ZR,1000J,,,,,,,,1,,1,,,2
KAWASAKI,ZR,1000K,,,2,,1,1,,1,1,,,,6
KAWASAKI,ZR,900,,,1,,,,1,,1,,,,3
KAWASAKI,ZR,900B,,,1,,,1,4,,1,,,,7
KAWASAKI,ZR,900C,2,4,1,,,2,2,1,1,,1,2,16
KAWASAKI,ZR,900F,,,2,,,1,1,,1,,,,5
KAWASAKI,ZX,,1,,,,,,,,,,,,1
KAWASAKI,ZX,1000J,1,,,,,,,,,,,,1
KAWASAKI,ZX,1000S,3,2,,,,,,,,1,,,6
KAWASAKI,ZX,1000W,,1,,,,,,,,4,1,,6
KAWASAKI,ZX,1000Z,1,,,,,,,,,,,,1
KAWASAKI,ZX,1400J,1,,,,,,,1,,,,,2
KAWASAKI,ZX,636G,2,1,,,,1,,,,,1,,5
KAWASAKI,ZX1000,SX,,,1,,3,,1,2,,,,,7
KEEWAY,CAFE RACER,152,7,1,2,,6,6,3,3,2,6,1,1,38
KTM,1090,ADVENTURE R,,,,,,,2,4,4,3,2,,15
KTM,1290,ADVENTURE R,1,,3,,3,1,,5,1,2,6,,22
KTM,1290,ADVENTURE S,1,1,,,,,1,2,2,8,8,2,25
KTM,1290,SUPERDUKE GT,,1,,,,,2,1,1,1,1,1,8
KTM,1290,SUPERDUKE R,3,2,5,,5,2,5,3,4,6,7,1,43
KTM,150,EXC,,,,,,,,,,,,1,1
KTM,200,DUKE,,,17,1,9,12,6,9,21,18,10,6,109
KTM,250,EXC,,1,,,3,,,,1,1,1,,7
KTM,250,EXCF,,1,,,,1,,,,,,,2
KTM,300,EXC,,,,,,,,,1,,,,1
KTM,300,EXC 6 DAY,,,,,,1,,,,,,,1
KTM,350,EXCF,,1,,,,2,1,,1,1,1,,7
KTM,350,EXCF 6 DAY,1,,,1,1,,,,,,,2,5
KTM,390,ADVENTURE,,,3,3,16,10,10,11,6,8,13,13,93
KTM,390,DUKE,8,4,7,1,9,9,6,6,12,10,6,13,91
KTM,450,EXC,,,,,,,,,1,,1,,2
KTM,500,EXC,1,2,1,,1,5,2,6,,,5,4,27
KTM,500,EXCF 6 DAY,,1,,,,1,,,1,1,3,2,9
KTM,500 EXC,,,1,,,,,,,,,,,1
KTM,690,ENDURO R,6,2,5,2,3,3,2,3,6,,,3,35
KTM,790,ADVENTURE,3,1,2,,1,1,,2,1,4,2,,17
KTM,790,ADVENTURE R,2,,4,,5,6,8,6,7,2,12,,52
KTM,790,ADVENTURE RALLY,,,,,,2,,2,1,,,,5
KTM,790,DUKE,2,3,2,,,3,,4,13,4,3,4,38
KTM,890,ADVENTURE R,,,,,,,,,,1,,,1
KTM,890,DUKE R,,,,,,4,1,,,3,8,,16
KTM,FREERIDE,250,,,,,,,,1,,,,,1
KTM,RC,390,2,4,,,4,1,1,6,6,9,6,5,44
KYMCO,AGILITY,125,,,1,,,,1,,,,,,2
KYMCO,DOWNTOWN,350,,,,,1,,1,,,,,,2
KYMCO,LIKE,,1,,,,,2,1,1,1,1,,,7
LAMBRETTA,V200,SPECIAL,,,,,,1,,,,,,,1
LAMBRETTA,V200,SPECIAL FLEX,1,1,,,1,,,,,,,,3
MOTO GUZZI,CALIFORNIA,ELDORADO E4,,,1,,,,,1,,,,,2
MOTO GUZZI,CALIFORNIA,TOURING E4,1,1,,,,,,,1,,,,3
MOTO GUZZI,MGX-21,,,,,,,1,,,,,,,1
MOTO GUZZI,V7,CARBON III,,1,,1,1,,,,,,,,3
MOTO GUZZI,V7,III MILANO,,,,,,1,,,1,,,1,3
MOTO GUZZI,V7,III ROUGH,,,,,,,2,1,1,,1,1,6
MOTO GUZZI,V7,RACER 7,,,,,,,,,1,,,,1
MOTO GUZZI,V7,SPECIAL III,,3,,,,1,1,,1,,2,1,9
MOTO GUZZI,V7,STONE III,,,1,,,,,2,,,,,3
MOTO GUZZI,V85,TT,5,2,2,1,,,3,4,3,1,5,1,27
MOTO GUZZI,V85,TT TRAVEL,,,,,,,,,,1,2,1,4
MOTO GUZZI,V9,BOBBER,1,,,,,,,,,,,,1
MOTO GUZZI,V9,BOBBER SPORT,1,,,,1,,2,,,,,,4
MV AGUSTA,BRUTALE,800,,,,,,,,,,,,1,1
MV AGUSTA,DRAGSTER,,,,,,,,,,,,1,,1
MV AGUSTA,DRAGSTER,RR,,,,1,,,,,,1,,,2
MV AGUSTA,F3,675,,,,,,,1,,,,,,1
MV AGUSTA,F3,800 RC,,,,,1,,,,,,,,1
MV AGUSTA,F3,SOLAR BEAM,,,,,1,,,,,,,,1
MV AGUSTA,F4,,,,,1,,,,,,,,,1
MV AGUSTA,TURISMO VELOCE,,,,,,,2,,,,,,,2
NORTON,COMMANDO,961 CAFE RACER MKII,,1,,,,,,,,,,,1
NORTON,COMMANDO,961 SPORT,,,,,,,1,,,,,,1
NORTON,COMMANDO,961 SPORT MK II,,1,,,,,,,,,,,1
PEUGEOT,BELVILLE,200,,,,,,,,,1,,1,,2
PEUGEOT,DJANGO,,1,,,,,,,,,,2,,3
PEUGEOT,TWEET,,,,,,,,,,,,2,,2
PGO,T REX,150,,,,,,,,1,,,,,1
PIAGGIO,APE,400 CLASSIC,,1,,,,1,,,,,,,2
PIAGGIO,BEVERLY 350,SPORT TOURING ABS,,,,,2,,,,,,,,2
PIAGGIO,FLY,150,2,,,,,1,,,1,,,,4
PIAGGIO,MEDLEY,150,1,,,,,,2,,3,1,,2,9
PIAGGIO,ZIP,100 4T,,,,,,1,,,,,1,,2
ROYAL ALLOY,GP300S,,,,,,,,,1,,,1,,2
ROYAL ENFIELD,BULLET,,,1,,,,2,1,,1,,,,5
ROYAL ENFIELD,CLASSIC,,7,4,8,,12,11,8,7,10,8,2,3,80
ROYAL ENFIELD,CONTINENTAL,GT 650,4,3,3,,5,4,3,5,,6,8,5,46
ROYAL ENFIELD,HIMALAYAN,,4,1,1,,2,1,1,,1,,1,,12
ROYAL ENFIELD,HIMALAYAN,ABS,9,1,7,,9,5,9,7,11,3,20,2,83
ROYAL ENFIELD,INTERCEPTOR,650,8,10,7,1,11,6,5,5,9,16,19,10,107
ROYAL ENFIELD,UMI BULLET,TRIALS 500,2,1,1,,1,1,,,1,1,,1,9
SACHS,FY125T-13A,AMICI 125,,,,,,1,,,,,,1,2
SCOMADI,TURISMO LEGGERA,TL200,1,,,,,,2,,1,1,,,5
SHERCO,500,SEF FACTORY,,,,,,,,,1,,,,1
SUZUKI,AN125,HKL0,,,,,,,,,,1,,,1
SUZUKI,AN400,AL0 BURGMAN,,,,,,,,,,,1,,1
SUZUKI,DL1000,A V-STROM 1000 ABS,2,1,,,1,,2,2,1,4,2,,15
SUZUKI,DL1000,XA V-STROM 1000X ABS,3,2,1,,3,1,,1,2,1,1,,15
SUZUKI,DL1050,RCM0 V-STROM 1050XT,,,,,3,,9,3,3,2,3,4,27
SUZUKI,DL1050,RQM0 V-STROM 1050,,,,,,,1,,1,1,2,,5
SUZUKI,DL250A,V-STROM 250A,1,,,,,,,,,1,,,2
SUZUKI,DL650A,V-STROM 650 ABS,4,2,1,1,3,3,3,2,5,2,3,4,33
SUZUKI,DL650A,V-STROM 650A,1,,,,,,,,,,,,1
SUZUKI,DL650AUE,V-STROM 650AU LAMS,,,3,,1,,1,3,5,2,3,1,19
SUZUKI,DL650XA,V-STROM 650XT ABS,2,,,1,1,1,1,,,6,2,1,15
SUZUKI,DR200S,,1,1,,,,,,1,2,1,1,,7
SUZUKI,DR650SE,,5,4,12,1,26,14,10,30,26,20,27,16,191
SUZUKI,DR-Z250,,1,,,,2,1,3,2,5,2,,1,17
SUZUKI,DR-Z400E,,3,1,1,,1,,2,2,7,8,7,5,37
SUZUKI,DR-Z400SM,SUPER MOTARD,5,2,4,1,4,2,5,1,7,2,9,9,51
SUZUKI,GN,125,,,,,,,,,,,1,,1
SUZUKI,GN125H,,16,2,2,,4,8,5,10,5,11,7,11,81
SUZUKI,GSX1300RA,HAYABUSA,1,2,1,,1,,,,,2,1,2,10
SUZUKI,GSX150,DF GIXXER,,,,,,,,,,,,1,1
SUZUKI,GSX150,DXA GIXXER,9,12,4,,3,5,4,2,6,2,6,4,57
SUZUKI,GSX150,FDZA GIXXER,19,19,9,1,8,12,16,12,13,11,11,4,135
SUZUKI,GSX250,RA,,,,,,,,,,1,,,1
SUZUKI,GSX250,RZA,1,1,1,,,,,,2,,,,5
SUZUKI,GSX250FRLL9,,,1,8,,11,11,9,10,17,18,20,15,120
SUZUKI,GSX250FRLZL9,,,,5,2,8,5,16,8,6,2,7,14,73
SUZUKI,GSX250RLL9,,,1,,,6,7,7,6,2,3,1,,33
SUZUKI,GSX-R1000A,ABS,,1,,,,,1,4,,2,,,8
SUZUKI,GSX-R1000RA,ABS,,,,,1,,1,,,,,1,3
SUZUKI,GSX-R1000RZA,ABS,,,,,,,,,,,,1,1
SUZUKI,GSX-R750,,,,,,,,,,,,,2,2
SUZUKI,GSX-S1000FA,ABS,1,,,,,,,,1,,,,2
SUZUKI,GSX-S1000FYA,ABS,,,,,,,,,,1,2,,3
SUZUKI,GSX-S1000FZA,ABS,,3,,,,2,1,,,1,,,7
SUZUKI,GSX-S1000SRQ,KATANA,,,,,1,1,,1,1,1,1,4,10
SUZUKI,GSX-S1000Y,ABS,1,,,,,,,,1,,,,2
SUZUKI,GSX-S1000ZA,ABS,,,,,1,,1,,1,4,2,7,16
SUZUKI,GSX-S750,ZA ABS,,1,,,1,1,,1,1,4,,1,10
SUZUKI,GW250Z,INAZUMA,,,,,,,,1,,1,,,2
SUZUKI,LS650,B BOULEVARD S40B,2,3,1,,2,,4,,2,3,2,2,21
SUZUKI,RMZ,,,,,,,,,,,1,,,1
SUZUKI,SV650,XA ABS,2,,,1,,1,,,,,,,4
SUZUKI,SV650,XAU ABS LAMS,1,1,2,1,,,,,,1,,,6
SUZUKI,SV650A,ABS,2,6,1,,2,3,1,3,2,7,4,,31
SUZUKI,SV650AU,ABS LAMS,3,19,7,2,5,4,,1,11,8,5,6,71
SUZUKI,TU250X,,,,,,1,,,,,,,,1
SUZUKI,UH,BURGMAN 200A,,,1,,,1,,,,,,,2
SUZUKI,UK,110NE,10,9,7,2,6,2,6,,4,9,11,9,75
SUZUKI,UZ50,,,,,,,,,,,2,,,2
SUZUKI,VL1500B,BOULEVARD C90B,2,,,,,1,1,,1,1,,,6
SUZUKI,VL250,K1,,,,,,,,,,,1,,1
SUZUKI,VZR1800,BOULEVARD M109R,,,,,,,,,,1,2,,3
SUZUKI,VZR1800,BZ BOULEVARD M109R,1,,1,,,,,1,,1,5,,9
SWM,GRAN MILANO,440,,,,,,,,1,,1,,,2
SWM,GRAN TURISMO,440,,,,,,,,,,1,,,1
SWM,RS,650 R,1,,,,,,,,,,,,1
SWM,SILVER VASE,440,,1,,,,,,,,,,,1
SWM,SM,650 R,,,,,,,,,,,,1,1
SWM,SUPER DUAL,650T,1,,,,,,,,,,,,1
SWM,SUPER DUAL,650X,,,,,,,,,1,,,,1
SYM,GTS,300I,,,,,2,,,,,,,,2
SYM,JET4,150,,1,,,,,,,1,,,,2
TRIUMPH,BONNEVILLE BOBBER,1200 DV,,,1,,,1,3,,1,2,2,1,11
TRIUMPH,BONNEVILLE BOBBER,1200 DVX,2,1,1,,1,1,2,1,1,1,2,1,14
TRIUMPH,BONNEVILLE BOBBER,TFC 1200 DVY,,,,,,,3,2,1,1,,,7
TRIUMPH,BONNEVILLE T100,ABS 900 DB2,2,1,,,2,,2,1,,1,2,2,13
TRIUMPH,BONNEVILLE T100,BLACK ABS 900 DA2,1,,,,,,,,,1,,,2
TRIUMPH,BONNEVILLE T100,MR 50TH ANNIVERSARY,,,,,1,,,,,,,,1
TRIUMPH,BONNEVILLE T120,ABS B1 1200 DU,3,1,3,,2,3,1,,,1,1,2,17
TRIUMPH,BONNEVILLE T120,ABS B1 1200 DUY,,1,,,,,,,1,,,,2
TRIUMPH,BONNEVILLE T120,BUD EKINS 1200 D72,,,,,2,1,,,,,,,3
TRIUMPH,DAYTONA MOTO2,765 LIMITED EDITION,,,,,,6,1,2,1,3,,,13
TRIUMPH,ROCKET,3 GT YJ1,8,3,1,,,1,,8,,9,6,3,39
TRIUMPH,ROCKET,3 R YK1,14,3,6,,4,3,1,2,1,5,4,1,44
TRIUMPH,ROCKET,3 TFC YL1,6,1,,,1,,,,,,,,8
TRIUMPH,SCRAMBLER,1200 XC DS1,,1,,1,,1,,3,1,2,,1,10
TRIUMPH,SCRAMBLER,1200 XE DSX,3,2,1,,2,1,,,1,,,1,11
TRIUMPH,SCRAMBLER 1200,D71 BOND EDITION,,,,,,,,1,2,,,,3
TRIUMPH,SPEED TRIPLE,RS NN6,1,3,1,,,3,1,1,1,1,1,,13
TRIUMPH,SPEED TRIPLE,S NN5,,,,,,2,1,,,,1,,4
TRIUMPH,SPEED TWIN,1200 DD2,6,1,,,5,2,2,2,2,2,4,7,33
TRIUMPH,SPEEDMASTER,1200 DW,1,4,3,,2,2,3,1,3,3,4,3,29
TRIUMPH,STREET CUP,ABS B1 900 DZA,1,,,,,,,,2,,,,3
TRIUMPH,STREET SCRAMBLER,900 DC,1,,,,,,,,,,,,1
TRIUMPH,STREET SCRAMBLER,900 DC3,1,,1,,,1,,,2,,,1,6
TRIUMPH,STREET TRIPLE,R HD2,3,1,1,,2,,1,2,,,1,,11
TRIUMPH,STREET TRIPLE,R HG7,,,,,1,,,,2,,,2,5
TRIUMPH,STREET TRIPLE,R LRH HH7,,,,,,1,,,1,,1,2,5
TRIUMPH,STREET TRIPLE,RS,8,4,1,,3,6,1,,1,1,4,,29
TRIUMPH,STREET TRIPLE,RS HD6,2,2,,,1,,,,,,,1,6
TRIUMPH,STREET TRIPLE,S,,,,,1,,,,,,,,1
TRIUMPH,STREET TRIPLE,S LAM,7,2,2,,5,2,5,5,5,3,2,3,41
TRIUMPH,STREET TWIN,900 DP3,2,1,1,,,,1,1,2,,2,1,11
TRIUMPH,STREET TWIN,ABS 900 DP2,,1,,,,,,,,,,,1
TRIUMPH,THRUXTON,ABS B1 1200 DE,,,1,,,,,,,,,,1
TRIUMPH,THRUXTON,R ABS B1 1200 DE2,,1,,,,4,1,1,1,2,1,,11
TRIUMPH,THRUXTON,RS 1200 DF4,,,,,,,,1,3,,1,1,6
TRIUMPH,TIGER,1200 XCA VS3,,,,,1,,,,,1,,,2
TRIUMPH,TIGER,800XCA CS3,,2,,,1,,,1,,,,,4
TRIUMPH,TIGER,800XCX CN3,1,1,,,,1,,,,,,,3
TRIUMPH,TIGER,800XR CG3,1,,,,,,,,,,,,1
TRIUMPH,TIGER,800XRT CR3,1,1,,,,,,,,,,1,3
TRIUMPH,TIGER,800XRX CM3,4,1,,,,,,,,,,,5
TRIUMPH,TIGER,800XRX CT3,,1,,,,,,,,,,,1
TRIUMPH,TIGER,900 GT PRO CR7,,,,,3,1,1,2,2,1,3,,13
TRIUMPH,TIGER,900 RALLY PRO CS7,,,,,3,1,1,4,,,1,1,11
TRIUMPH,TIGER,EXPLORER XRX VM2,,,,,,,1,,,1,,,2
TRIUMPH,TIGER,SPORT ABS A2 NH3,2,1,,1,,1,,,,,,,5
TRIUMPH,TIGER,XRT VR3,1,3,,,,,,,,1,1,1,7
TRIUMPH,TIGER 1200,XCX VN3,,1,,,,,1,,,,,,2
TRIUMPH,TIGER 1200,XR VG3,,,1,,,2,,,,1,1,,
TRIUMPH,TIGER 1200,XRX VM3,,1,,,,,,,,,,,
TRIUMPH,TIGER 900,GT CM7,,,,,,,,,1,3,1,2,
TRIUMPH,TIGER 900,GT LOW CT7,,,,,,,1,,,,2,,1
TRIUMPH,TIGER 900,RALLY CN7,,,,,,,,,,1,1,,
URAL,RANGER,GEAR UP,,1,,,,,,,,,,,
VESPA,946,,,1,,,,,,,,,,,
VESPA,GTS,150LC,,1,5,,,3,2,2,2,4,3,2,2
VESPA,GTS,300 RACING SIXTIES,,,,,,,,,,5,3,,1
VESPA,GTS,300 SUPER ABS,,2,2,3,,1,,1,1,2,2,,
VESPA,GTS,300 SUPER TECH,,6,9,4,,5,,3,1,3,1,1,4
VESPA,GTS,300 SUPERSPORT ABS,,2,2,4,,,3,3,3,3,2,3,3
VESPA,GTS,300 SUPERSPORT HPE,,,,,,,,,3,,4,1,2
VESPA,GTS,300 TOURING,,,1,,,,2,1,,,1,1,2
VESPA,GTV,300,SEI GIORNI,,,,,1,1,,,1,1,1,
VESPA,PRIMAVERA,150 IGET,,4,3,6,1,3,1,2,1,4,3,1,5
VESPA,SPRINT,150 IGET,,6,3,1,,,1,2,1,7,4,4,6
YAMAHA,AG125,K,,,1,1,,,,,,,,,
YAMAHA,AG125,L,,,,,,,1,,,,,1,
YAMAHA,CZD300A,K,,2,1,1,,2,2,,2,1,,,1
YAMAHA,CZD300A,L,,,,,,,1,2,1,,,2,1
YAMAHA,FJR1300,AEJ,,,,,,,1,,,1,1,,2
YAMAHA,FJR1300,APK,,1,,,,,,,,,,,
YAMAHA,GPD,150AH,,,,,,,,,,1,,,
YAMAHA,GPD150A,K,,2,1,4,,,2,2,,2,2,3,1
YAMAHA,MT-03,LAH,,,,,,,,1,,,,,
YAMAHA,MT-03,LAJ,,2,1,1,,,,1,,,,,
YAMAHA,MT03LA,K,,17,17,4,,3,3,2,1,,,,
YAMAHA,MT03LA,L,,,,11,,12,11,8,8,13,10,11,23
YAMAHA,MT-07,LAJ,,2,,,,,1,,1,,,1,
YAMAHA,MT07HO,AL,,1,1,,,1,,1,1,,2,1,2
YAMAHA,MT07LA,K,,8,9,4,,6,7,4,3,1,5,1,2
YAMAHA,MT07LA,L,,,,,,,,5,2,10,6,15,10
YAMAHA,MT-09,AJ,,2,,,,,,,,,,,
YAMAHA,MT-09,TRAK,,,,,,,,,,,1,,1
YAMAHA,MT-09,TRAPK,,1,,,,,,,,,,,
YAMAHA,MT-09,TRASP,,,1,,,,,,1,1,,,
YAMAHA,MT09A,K,,,1,,,,,,,,,,
YAMAHA,MT09A,LC,,2,4,2,,4,1,2,2,2,3,1,4
YAMAHA,MT09A,SPK,,6,2,2,,3,,1,2,1,1,2,1
YAMAHA,MT09A,SPL,,,,,,,,,,3,7,5,
YAMAHA,MT09TRASP,K,1,2,,,1,1,2,1,3,,,1,12
YAMAHA,MT09TRASP,L,,,,,,,,,,3,2,1,6
YAMAHA,MT-10,AJ,1,1,,,,,,,,1,1,,4
YAMAHA,MT-10,AK,,,,,,,,,1,,,,1
YAMAHA,MT10ASP,K,,1,2,,,,,,,,,2,5
YAMAHA,MT10ASP,L,,,,,,3,,1,1,1,1,,7
YAMAHA,MTM660LA,K,,1,2,,1,4,1,3,2,,,,14
YAMAHA,MTM660LA,L,,,,,,,,,1,2,1,5,9
YAMAHA,MTM850A,K,5,1,1,,3,1,1,,1,,,,13
YAMAHA,MTM850A,L,,,,,3,,1,,1,1,1,,7
YAMAHA,MTM850A,M,,,,,,,,,,,1,1,2
YAMAHA,MTM850A,SPM,,,,,,,,,,,1,2,3
YAMAHA,MTT,660LAH,,,1,,,,,,,,,,1
YAMAHA,TW200,K,1,1,,,,1,2,1,2,,3,3,14
YAMAHA,WR,250RH,,1,,,,,,,,,,,1
YAMAHA,WR,450FB,,,,,,,,,,,1,,1
YAMAHA,WR,450FF,,,,,,1,,,,,,,1
YAMAHA,WR,450FK,,,1,,,,1,,,,,,2
YAMAHA,WR250,FJ,,1,,,1,,,,1,,,,3
YAMAHA,WR250,RJ,1,,,,,,1,,,,1,1,4
YAMAHA,WR250F,L,,1,,,,,,2,2,2,,,7
YAMAHA,WR250F,M,,,,,,,,,,,,1,1
YAMAHA,WR250R,K,,,,,,,,,1,,1,,2
YAMAHA,WR250R,L,1,2,,,2,2,,1,,2,2,2,14
YAMAHA,WR450F,LC,1,,1,,2,1,,1,5,3,1,1,16
YAMAHA,XC,115SF,,1,,,,1,,,,,,,2
YAMAHA,XP560E,L,,,,,2,1,,,1,,,,4
YAMAHA,XT1200,ZEH,,,,,,2,1,,1,,,,4
YAMAHA,XT250,G,,,,,1,,,,,,,,1
YAMAHA,XT250J,TRAIL BIKE,,,,,,,,,,,1,1,2
YAMAHA,XT250L,TRAIL BIKE,,,1,,1,2,3,,2,3,,1,13
YAMAHA,XTZ690,L,54,34,7,,7,10,12,19,17,17,18,8,203
YAMAHA,XV250,K,,2,,,,1,,,,1,,,4
YAMAHA,XV250,L,,,1,,,,1,,1,2,1,1,7
YAMAHA,XVS,950CRF,,,,,,,,,1,1,1,2,5
YAMAHA,XVS650A,J,1,4,1,,,5,4,3,4,4,1,,27
YAMAHA,XVS650J,ROAD DRAGSTAR,4,4,3,2,7,4,2,1,,1,,,28
YAMAHA,XVS950,CUE,1,1,,,,,,,,,,,2
YAMAHA,XVS950,CUG,,,,,,,2,,,1,,,3
YAMAHA,XVS950CUSP,K,,,,,,,1,,,2,1,2,6
YAMAHA,YS125A,L,1,,1,,,,1,1,1,1,3,1,10
YAMAHA,YW125,F,,,,,,,,,,,,1,1
YAMAHA,YZF,R1 J,,1,1,,,,,,,,,,2
YAMAHA,YZF,R15G,,1,,,,,,,,,,,1
YAMAHA,YZF,R1G,,,,,,,,,1,,,,1
YAMAHA,YZF,R1H,1,1,1,,,,,,,,,,3
YAMAHA,YZF,-R1M,,,,,,,,,,,2,,2
YAMAHA,YZF,R1MJ,,1,,,,,,,,,,,1
YAMAHA,YZF,R1MM,,,,,,,,,,,,2,2
YAMAHA,YZF,R3 AJ2,,,1,,,,,,,,,,1
YAMAHA,YZF,R3AF,,,1,,,,,,,,,,1
YAMAHA,YZF-R15,H,,,,,,,,1,,,,,1
YAMAHA,YZF-R15,L,1,,,,1,1,,1,3,2,1,5,15
YAMAHA,YZF-R1K,YZF-R1,1,3,,,,,,,,,,,4
YAMAHA,YZF-R1M,K,,,2,,,,,,,,1,,3
YAMAHA,YZF-R3A,K,1,,,,,1,,,,,,,2
YAMAHA,YZF-R3A,L,17,7,9,,7,7,6,15,18,28,17,19,150
YAMAHA,YZF-R3A,SPL,2,3,5,,,2,1,,3,1,,,17
YAMAHA,YZF-R6,K,2,,,,,,,,1,,,,3
YAMAHA,YZF-R6L,Sports Bike,,1,,,1,1,,,1,,,1,5
YAMAHA,YZF-R6Z,,,,1,,,,,,,,,,1
ZONTES,ZT310,X,,,,,1,,,,,,,,1
Total,,,766,607,466,70,545,579,534,581,797,775,767,621,7108